[{"id":1,"firstname":"Sachin","lastname":"Sharma","location":"Indore","email":"sachin.sharma@gmail.com","password":"seed","contactnumber":"98817565892"},{"id":43,"firstname":"Suresh","lastname":"Sharma","location":"Nashik","email":"suresh.sharma@gmail.com","password":"ibm","contactnumber":"98817345865"},{"id":88,"firstname":"Ramesh","lastname":"Sharma","location":"Nashik","email":"ramesh.sharma@gmail.com","password":"microsoft","contactnumber":"988173458954"},{"firstname":"Raja","lastname":"Raman","email":"raja.raman@gmail.com","password":"transflower","location":"Pune","contactnumber":"09881735802"},{"firstname":"Mani","lastname":"Ratnam","email":"mani.ratnam@gmail.com","password":"mani","location":"Chennai","contactnumber":"09881798765"},{"firstname":"Kapil","lastname":"Kumar","email":"kapil.kumar@gmail.com","password":"kapil","location":"Delhi","contactnumber":"0976798765"}]